Name,Slug,Collection ID,Locale ID,Item ID,Archived,Draft,Created On,Updated On,Published On,Property amenities OPI ID,Property amenities icon,Category,Amenity category
24/7 security,24-7-security,68b6430b4a9e88007d3f6935,68ada6f5bc65af392b69f8d6,694ae2ab6329611109ede795,false,false,Tue Dec 23 2025 18:42:51 GMT+0000 (Coordinated Universal Time),Tue Jan 20 2026 02:09:00 GMT+0000 (Coordinated Universal Time),Tue Jan 20 2026 02:22:36 GMT+0000 (Coordinated Universal Time),,https://cdn.prod.website-files.com/68ada6f5bc65af392b69f8d7/696ee165d4a00eaaadec3306_shield.svg,Building & Resident Facilities,
ATM access,atm-access,68b6430b4a9e88007d3f6935,68ada6f5bc65af392b69f8d6,694ae526b717ab2145c3d9b6,false,false,Tue Dec 23 2025 18:53:26 GMT+0000 (Coordinated Universal Time),Tue Dec 23 2025 19:11:13 GMT+0000 (Coordinated Universal Time),Tue Dec 30 2025 10:54:52 GMT+0000 (Coordinated Universal Time),,,Convenience & Retail,
Access control system,access-control-system,68b6430b4a9e88007d3f6935,68ada6f5bc65af392b69f8d6,694ae8f2ea75b8ddb2abcf04,false,false,Tue Dec 23 2025 19:09:38 GMT+0000 (Coordinated Universal Time),Tue Dec 23 2025 19:11:13 GMT+0000 (Coordinated Universal Time),Tue Dec 30 2025 10:54:52 GMT+0000 (Coordinated Universal Time),,,Safety & Accessibility,
Accessible units,accessible-units,68b6430b4a9e88007d3f6935,68ada6f5bc65af392b69f8d6,694ae90a8c06928d399fe301,false,false,Tue Dec 23 2025 19:10:02 GMT+0000 (Coordinated Universal Time),Tue Dec 23 2025 19:11:13 GMT+0000 (Coordinated Universal Time),Tue Dec 30 2025 10:54:52 GMT+0000 (Coordinated Universal Time),,,Safety & Accessibility,
Airbnb-friendly building,airbnb-friendly-building,68b6430b4a9e88007d3f6935,68ada6f5bc65af392b69f8d6,694ae92c00ae375ac3544721,false,false,Tue Dec 23 2025 19:10:36 GMT+0000 (Coordinated Universal Time),Tue Dec 23 2025 19:11:13 GMT+0000 (Coordinated Universal Time),Tue Dec 30 2025 10:54:52 GMT+0000 (Coordinated Universal Time),,,Investment & Rental-Friendly,
BBQ area,bbq-area,68b6430b4a9e88007d3f6935,68ada6f5bc65af392b69f8d6,694ae24960f982be589eec77,false,false,Tue Dec 23 2025 18:41:13 GMT+0000 (Coordinated Universal Time),Tue Dec 23 2025 18:50:57 GMT+0000 (Coordinated Universal Time),Tue Dec 30 2025 10:54:52 GMT+0000 (Coordinated Universal Time),,,Outdoor & Community Spaces,
Balcony,balcony,68b6430b4a9e88007d3f6935,68ada6f5bc65af392b69f8d6,694ae2f7ecb91a09cd8ec834,false,false,Tue Dec 23 2025 18:44:07 GMT+0000 (Coordinated Universal Time),Tue Dec 23 2025 18:50:56 GMT+0000 (Coordinated Universal Time),Tue Dec 30 2025 10:54:52 GMT+0000 (Coordinated Universal Time),,,Apartment / Unit Features,
Basement parking,basement-parking,68b6430b4a9e88007d3f6935,68ada6f5bc65af392b69f8d6,694ae3b90a12f25d0b0fd48b,false,false,Tue Dec 23 2025 18:47:21 GMT+0000 (Coordinated Universal Time),Tue Dec 23 2025 18:50:56 GMT+0000 (Coordinated Universal Time),Tue Dec 30 2025 10:54:52 GMT+0000 (Coordinated Universal Time),,,Parking & Transport,
Basketball court,basketball-court,68b6430b4a9e88007d3f6935,68ada6f5bc65af392b69f8d6,694ae20457cd6e176af3577c,false,false,Tue Dec 23 2025 18:40:04 GMT+0000 (Coordinated Universal Time),Tue Jan 20 2026 02:09:00 GMT+0000 (Coordinated Universal Time),Tue Jan 20 2026 02:22:36 GMT+0000 (Coordinated Universal Time),,https://cdn.prod.website-files.com/68ada6f5bc65af392b69f8d7/696edda6facb311f86f9daa1_court-basketball.svg,Fitness & Sports,
Bicycle parking,bicycle-parking,68b6430b4a9e88007d3f6935,68ada6f5bc65af392b69f8d6,694ae4370a12f25d0b0ff490,false,false,Tue Dec 23 2025 18:49:27 GMT+0000 (Coordinated Universal Time),Tue Dec 23 2025 18:50:56 GMT+0000 (Coordinated Universal Time),Tue Dec 30 2025 10:54:52 GMT+0000 (Coordinated Universal Time),,,Parking & Transport,
Built-in wardrobes,built-in-wardrobes,68b6430b4a9e88007d3f6935,68ada6f5bc65af392b69f8d6,694ae36be43e667fb1fce759,false,false,Tue Dec 23 2025 18:46:03 GMT+0000 (Coordinated Universal Time),Tue Dec 23 2025 18:50:56 GMT+0000 (Coordinated Universal Time),Tue Dec 30 2025 10:54:52 GMT+0000 (Coordinated Universal Time),,,Apartment / Unit Features,
Business Lounge,business-lounge,68b6430b4a9e88007d3f6935,68ada6f5bc65af392b69f8d6,693ac9593f8d21c55167cfb8,false,false,Thu Dec 11 2025 13:38:33 GMT+0000 (Coordinated Universal Time),Tue Jan 20 2026 10:52:42 GMT+0000 (Coordinated Universal Time),Tue Jan 20 2026 11:00:34 GMT+0000 (Coordinated Universal Time),P004,https://cdn.prod.website-files.com/68ada6f5bc65af392b69f8d7/696ed9107ee6325bfe69c54d_business-lounge.svg,Building & Resident Facilities,
CCTV surveillance,cctv-surveillance,68b6430b4a9e88007d3f6935,68ada6f5bc65af392b69f8d6,694ae2b34558a6ec4266a98a,false,false,Tue Dec 23 2025 18:42:59 GMT+0000 (Coordinated Universal Time),Tue Jan 20 2026 02:09:00 GMT+0000 (Coordinated Universal Time),Tue Jan 20 2026 02:22:36 GMT+0000 (Coordinated Universal Time),,https://cdn.prod.website-files.com/68ada6f5bc65af392b69f8d7/696ee17523d1725a823c5bf2_security-camera.svg,Building & Resident Facilities,
Canal view,canal-view,68b6430b4a9e88007d3f6935,68ada6f5bc65af392b69f8d6,694ae8c86cc0a6851b057c95,false,false,Tue Dec 23 2025 19:08:56 GMT+0000 (Coordinated Universal Time),Tue Dec 23 2025 19:11:13 GMT+0000 (Coordinated Universal Time),Tue Dec 30 2025 10:54:52 GMT+0000 (Coordinated Universal Time),,,View & Location-Based,
Car wash area,car-wash-area,68b6430b4a9e88007d3f6935,68ada6f5bc65af392b69f8d6,694ae44cbbc5ce856e679a19,false,false,Tue Dec 23 2025 18:49:48 GMT+0000 (Coordinated Universal Time),Tue Dec 23 2025 18:50:57 GMT+0000 (Coordinated Universal Time),Tue Dec 30 2025 10:54:52 GMT+0000 (Coordinated Universal Time),,,Parking & Transport,
Children’s play area,childrens-play-area,68b6430b4a9e88007d3f6935,68ada6f5bc65af392b69f8d6,694ae26828a0ed01bb941d99,false,false,Tue Dec 23 2025 18:41:44 GMT+0000 (Coordinated Universal Time),Tue Jan 20 2026 02:09:00 GMT+0000 (Coordinated Universal Time),Tue Jan 20 2026 02:22:36 GMT+0000 (Coordinated Universal Time),,https://cdn.prod.website-files.com/68ada6f5bc65af392b69f8d7/696ee105cd3b15b0e58e678e_pinwheel.svg,Outdoor & Community Spaces,
Children’s pool,childrens-pool,68b6430b4a9e88007d3f6935,68ada6f5bc65af392b69f8d6,694ae158508a0153bf43fbfb,false,false,Tue Dec 23 2025 18:37:12 GMT+0000 (Coordinated Universal Time),Tue Jan 20 2026 10:52:42 GMT+0000 (Coordinated Universal Time),Tue Jan 20 2026 11:00:34 GMT+0000 (Coordinated Universal Time),,https://cdn.prod.website-files.com/68ada6f5bc65af392b69f8d7/696ed902c911aeaaf0a30d66_swimming-pool.svg,Leisure & Lifestyle,leisure-lifestyle
City skyline view,city-skyline-view,68b6430b4a9e88007d3f6935,68ada6f5bc65af392b69f8d6,694ae8d0c2c66fc22b82b499,false,false,Tue Dec 23 2025 19:09:04 GMT+0000 (Coordinated Universal Time),Tue Dec 23 2025 19:11:13 GMT+0000 (Coordinated Universal Time),Tue Dec 30 2025 10:54:52 GMT+0000 (Coordinated Universal Time),,,View & Location-Based,
Co-working space,co-working-space,68b6430b4a9e88007d3f6935,68ada6f5bc65af392b69f8d6,694ae2d01a138b3cef4e3674,false,false,Tue Dec 23 2025 18:43:28 GMT+0000 (Coordinated Universal Time),Tue Jan 20 2026 02:09:00 GMT+0000 (Coordinated Universal Time),Tue Jan 20 2026 02:22:36 GMT+0000 (Coordinated Universal Time),,https://cdn.prod.website-files.com/68ada6f5bc65af392b69f8d7/696ee30fd3dc633b26458942_desktop.svg,Building & Resident Facilities,
Community park,community-park,68b6430b4a9e88007d3f6935,68ada6f5bc65af392b69f8d6,694ae27b78905b8c37c0f563,false,false,Tue Dec 23 2025 18:42:03 GMT+0000 (Coordinated Universal Time),Tue Jan 20 2026 02:09:00 GMT+0000 (Coordinated Universal Time),Tue Jan 20 2026 02:22:36 GMT+0000 (Coordinated Universal Time),,https://cdn.prod.website-files.com/68ada6f5bc65af392b69f8d7/696ee125763a9fc3d0444b20_park.svg,Outdoor & Community Spaces,
Concierge service,concierge-service,68b6430b4a9e88007d3f6935,68ada6f5bc65af392b69f8d6,694ae2a2ecb91a09cd8eb844,false,false,Tue Dec 23 2025 18:42:42 GMT+0000 (Coordinated Universal Time),Tue Jan 20 2026 02:09:00 GMT+0000 (Coordinated Universal Time),Tue Jan 20 2026 02:22:36 GMT+0000 (Coordinated Universal Time),,https://cdn.prod.website-files.com/68ada6f5bc65af392b69f8d7/696ee146b5b0b1e263173664_call-bell.svg,Building & Resident Facilities,
Convenience stores,convenience-stores,68b6430b4a9e88007d3f6935,68ada6f5bc65af392b69f8d6,694ae55926f1c3e69451e376,false,false,Tue Dec 23 2025 18:54:17 GMT+0000 (Coordinated Universal Time),Tue Dec 23 2025 19:11:13 GMT+0000 (Coordinated Universal Time),Tue Dec 30 2025 10:54:52 GMT+0000 (Coordinated Universal Time),,,,
Covered parking,covered-parking,68b6430b4a9e88007d3f6935,68ada6f5bc65af392b69f8d6,694ae3b0522d12f50893c361,false,false,Tue Dec 23 2025 18:47:12 GMT+0000 (Coordinated Universal Time),Tue Dec 23 2025 18:50:57 GMT+0000 (Coordinated Universal Time),Tue Dec 30 2025 10:54:52 GMT+0000 (Coordinated Universal Time),,,Parking & Transport,
Cycling track,cycling-track,68b6430b4a9e88007d3f6935,68ada6f5bc65af392b69f8d6,694ae21e4ae764de55a492af,false,false,Tue Dec 23 2025 18:40:30 GMT+0000 (Coordinated Universal Time),Tue Jan 20 2026 02:09:00 GMT+0000 (Coordinated Universal Time),Tue Jan 20 2026 02:22:36 GMT+0000 (Coordinated Universal Time),,https://cdn.prod.website-files.com/68ada6f5bc65af392b69f8d7/696edf4b6cfc46b7df7ef1e5_person-simple-bike.svg,Fitness & Sports,
Daycare / nursery,daycare-nursery,68b6430b4a9e88007d3f6935,68ada6f5bc65af392b69f8d6,694ae585173db6cbf13d4299,false,false,Tue Dec 23 2025 18:55:01 GMT+0000 (Coordinated Universal Time),Tue Dec 23 2025 19:11:13 GMT+0000 (Coordinated Universal Time),Tue Dec 30 2025 10:54:52 GMT+0000 (Coordinated Universal Time),,,Family & Kids,
Dog park,dog-park,68b6430b4a9e88007d3f6935,68ada6f5bc65af392b69f8d6,694ae84bc6de90b7001cf66d,false,false,Tue Dec 23 2025 19:06:51 GMT+0000 (Coordinated Universal Time),Tue Dec 23 2025 19:11:13 GMT+0000 (Coordinated Universal Time),Tue Dec 30 2025 10:54:52 GMT+0000 (Coordinated Universal Time),,,Pet-Friendly,
EV charging stations,ev-charging-stations,68b6430b4a9e88007d3f6935,68ada6f5bc65af392b69f8d6,694ae42ffc1a1fea524c4b10,false,false,Tue Dec 23 2025 18:49:19 GMT+0000 (Coordinated Universal Time),Tue Dec 23 2025 18:50:57 GMT+0000 (Coordinated Universal Time),Tue Dec 30 2025 10:54:52 GMT+0000 (Coordinated Universal Time),,,Parking & Transport,
Emergency power backup,emergency-power-backup,68b6430b4a9e88007d3f6935,68ada6f5bc65af392b69f8d6,694ae914e8dae48baf2448d7,false,false,Tue Dec 23 2025 19:10:12 GMT+0000 (Coordinated Universal Time),Tue Dec 23 2025 19:11:13 GMT+0000 (Coordinated Universal Time),Tue Dec 30 2025 10:54:52 GMT+0000 (Coordinated Universal Time),,,Safety & Accessibility,
Energy-efficient design,energy-efficient-design,68b6430b4a9e88007d3f6935,68ada6f5bc65af392b69f8d6,694ae86d0385c915a00e2978,false,false,Tue Dec 23 2025 19:07:25 GMT+0000 (Coordinated Universal Time),Tue Dec 23 2025 19:11:13 GMT+0000 (Coordinated Universal Time),Tue Dec 30 2025 10:54:52 GMT+0000 (Coordinated Universal Time),,,Sustainability & Smart Living,
Family seating areas,family-seating-areas,68b6430b4a9e88007d3f6935,68ada6f5bc65af392b69f8d6,694ae5aa7dd93b616fc540a0,false,false,Tue Dec 23 2025 18:55:38 GMT+0000 (Coordinated Universal Time),Tue Dec 23 2025 19:11:13 GMT+0000 (Coordinated Universal Time),Tue Dec 30 2025 10:54:52 GMT+0000 (Coordinated Universal Time),,,Family & Kids,
Fire safety systems,fire-safety-systems,68b6430b4a9e88007d3f6935,68ada6f5bc65af392b69f8d6,694ae8fcf077441ae617e793,false,false,Tue Dec 23 2025 19:09:48 GMT+0000 (Coordinated Universal Time),Tue Dec 23 2025 19:11:13 GMT+0000 (Coordinated Universal Time),Tue Dec 30 2025 10:54:52 GMT+0000 (Coordinated Universal Time),,,Safety & Accessibility,
Floor-to-ceiling windows,floor-to-ceiling-windows,68b6430b4a9e88007d3f6935,68ada6f5bc65af392b69f8d6,694ae31bef8d4b79bcb7b666,false,false,Tue Dec 23 2025 18:44:43 GMT+0000 (Coordinated Universal Time),Tue Dec 23 2025 18:50:57 GMT+0000 (Coordinated Universal Time),Tue Dec 30 2025 10:54:52 GMT+0000 (Coordinated Universal Time),,,Apartment / Unit Features,
Fully equipped gym,fully-equipped-gym,68b6430b4a9e88007d3f6935,68ada6f5bc65af392b69f8d6,694ae1b7cb461cf2b720a9b2,false,false,Tue Dec 23 2025 18:38:47 GMT+0000 (Coordinated Universal Time),Tue Jan 20 2026 02:09:00 GMT+0000 (Coordinated Universal Time),Tue Jan 20 2026 02:22:36 GMT+0000 (Coordinated Universal Time),,https://cdn.prod.website-files.com/68ada6f5bc65af392b69f8d7/696edd3c6c751f05a6a6d539_barbell.svg,Fitness & Sports,
Fully fitted kitchen,fully-fitted-kitchen,68b6430b4a9e88007d3f6935,68ada6f5bc65af392b69f8d6,694ae3804eb76e40c3ef9b64,false,false,Tue Dec 23 2025 18:46:24 GMT+0000 (Coordinated Universal Time),Tue Dec 23 2025 18:50:57 GMT+0000 (Coordinated Universal Time),Tue Dec 30 2025 10:54:52 GMT+0000 (Coordinated Universal Time),,,Apartment / Unit Features,
Golf course view,golf-course-view,68b6430b4a9e88007d3f6935,68ada6f5bc65af392b69f8d6,694ae8e155ff5712e97953b2,false,false,Tue Dec 23 2025 19:09:21 GMT+0000 (Coordinated Universal Time),Tue Dec 23 2025 19:11:13 GMT+0000 (Coordinated Universal Time),Tue Dec 30 2025 10:54:52 GMT+0000 (Coordinated Universal Time),,,View & Location-Based,
Holiday home permitted,holiday-home-permitted,68b6430b4a9e88007d3f6935,68ada6f5bc65af392b69f8d6,694ae93328a0ed01bb95443a,false,false,Tue Dec 23 2025 19:10:43 GMT+0000 (Coordinated Universal Time),Tue Dec 23 2025 19:11:13 GMT+0000 (Coordinated Universal Time),Tue Dec 30 2025 10:54:52 GMT+0000 (Coordinated Universal Time),,,Investment & Rental-Friendly,
Indoor play area,indoor-play-area,68b6430b4a9e88007d3f6935,68ada6f5bc65af392b69f8d6,694ae578fc1a1fea524c8ef7,false,false,Tue Dec 23 2025 18:54:48 GMT+0000 (Coordinated Universal Time),Tue Dec 23 2025 19:11:13 GMT+0000 (Coordinated Universal Time),Tue Dec 30 2025 10:54:52 GMT+0000 (Coordinated Universal Time),,,Family & Kids,
Indoor pool,indoor-pool,68b6430b4a9e88007d3f6935,68ada6f5bc65af392b69f8d6,694ae16bcf606b40c34eec15,false,false,Tue Dec 23 2025 18:37:31 GMT+0000 (Coordinated Universal Time),Tue Jan 20 2026 10:52:42 GMT+0000 (Coordinated Universal Time),Tue Jan 20 2026 11:00:34 GMT+0000 (Coordinated Universal Time),,https://cdn.prod.website-files.com/68ada6f5bc65af392b69f8d7/696ed902c911aeaaf0a30d66_swimming-pool.svg,Leisure & Lifestyle,leisure-lifestyle
Infinity pool,infinity-pool,68b6430b4a9e88007d3f6935,68ada6f5bc65af392b69f8d6,694add856640e7469e18e111,false,false,Tue Dec 23 2025 18:20:53 GMT+0000 (Coordinated Universal Time),Tue Jan 20 2026 10:52:42 GMT+0000 (Coordinated Universal Time),Tue Jan 20 2026 11:00:34 GMT+0000 (Coordinated Universal Time),,https://cdn.prod.website-files.com/68ada6f5bc65af392b69f8d7/696ed902c911aeaaf0a30d66_swimming-pool.svg,Leisure & Lifestyle,leisure-lifestyle
Jacuzzi / hot tub,jacuzzi-hot-tub,68b6430b4a9e88007d3f6935,68ada6f5bc65af392b69f8d6,694ae178173db6cbf13c8a07,false,false,Tue Dec 23 2025 18:37:44 GMT+0000 (Coordinated Universal Time),Tue Jan 20 2026 10:52:42 GMT+0000 (Coordinated Universal Time),Tue Jan 20 2026 11:00:34 GMT+0000 (Coordinated Universal Time),,https://cdn.prod.website-files.com/68ada6f5bc65af392b69f8d7/696edcad6e18696e3656c91d_bathtub.svg,Leisure & Lifestyle,leisure-lifestyle
Jogging track,jogging-track,68b6430b4a9e88007d3f6935,68ada6f5bc65af392b69f8d6,694ae215298a80079b65edd8,false,false,Tue Dec 23 2025 18:40:21 GMT+0000 (Coordinated Universal Time),Tue Jan 20 2026 02:09:00 GMT+0000 (Coordinated Universal Time),Tue Jan 20 2026 02:22:36 GMT+0000 (Coordinated Universal Time),,https://cdn.prod.website-files.com/68ada6f5bc65af392b69f8d7/696eddfa6d655f9fb5ab85c3_person-simple-run.svg,Fitness & Sports,
Kids’ playroom,kids-playroom,68b6430b4a9e88007d3f6935,68ada6f5bc65af392b69f8d6,694ae563298a80079b669826,false,false,Tue Dec 23 2025 18:54:27 GMT+0000 (Coordinated Universal Time),Tue Dec 23 2025 19:11:13 GMT+0000 (Coordinated Universal Time),Tue Dec 30 2025 10:54:52 GMT+0000 (Coordinated Universal Time),,,Family & Kids,
Landscaped gardens,landscaped-gardens,68b6430b4a9e88007d3f6935,68ada6f5bc65af392b69f8d6,694ae22b906efe56515a8e37,false,false,Tue Dec 23 2025 18:40:43 GMT+0000 (Coordinated Universal Time),Tue Jan 20 2026 02:09:00 GMT+0000 (Coordinated Universal Time),Tue Jan 20 2026 02:22:36 GMT+0000 (Coordinated Universal Time),,https://cdn.prod.website-files.com/68ada6f5bc65af392b69f8d7/696ed90946217bb4d9196aa4_rooftop-garden.svg,Outdoor & Community Spaces,
Laundry room,laundry-room,68b6430b4a9e88007d3f6935,68ada6f5bc65af392b69f8d6,694ae3a2ad0d4daed592eba3,false,false,Tue Dec 23 2025 18:46:58 GMT+0000 (Coordinated Universal Time),Tue Dec 23 2025 18:50:57 GMT+0000 (Coordinated Universal Time),Tue Dec 30 2025 10:54:52 GMT+0000 (Coordinated Universal Time),,,Apartment / Unit Features,
Library / reading room,library-reading-room,68b6430b4a9e88007d3f6935,68ada6f5bc65af392b69f8d6,694ae2eb89e3562b72550600,false,false,Tue Dec 23 2025 18:43:55 GMT+0000 (Coordinated Universal Time),Tue Jan 20 2026 02:09:00 GMT+0000 (Coordinated Universal Time),Tue Jan 20 2026 02:22:36 GMT+0000 (Coordinated Universal Time),,https://cdn.prod.website-files.com/68ada6f5bc65af392b69f8d7/696ee352d71cd600f2bcf8ea_books.svg,Building & Resident Facilities,
Lobby lounge,lobby-lounge,68b6430b4a9e88007d3f6935,68ada6f5bc65af392b69f8d6,694ae2989749a4e2dab59a86,false,false,Tue Dec 23 2025 18:42:32 GMT+0000 (Coordinated Universal Time),Tue Dec 23 2025 18:50:57 GMT+0000 (Coordinated Universal Time),Tue Dec 30 2025 10:54:52 GMT+0000 (Coordinated Universal Time),,,Building & Resident Facilities,
Luxury Pool,luxury-pool,68b6430b4a9e88007d3f6935,68ada6f5bc65af392b69f8d6,693ac9593f8d21c55167cfb2,false,false,Thu Dec 11 2025 13:38:33 GMT+0000 (Coordinated Universal Time),Tue Jan 20 2026 10:52:42 GMT+0000 (Coordinated Universal Time),Tue Jan 20 2026 11:00:34 GMT+0000 (Coordinated Universal Time),P001,https://cdn.prod.website-files.com/68ada6f5bc65af392b69f8d7/696ed902c911aeaaf0a30d66_swimming-pool.svg,Leisure & Lifestyle,leisure-lifestyle
Maid’s room,maids-room,68b6430b4a9e88007d3f6935,68ada6f5bc65af392b69f8d6,694ae39933e8b608150cdacb,false,false,Tue Dec 23 2025 18:46:49 GMT+0000 (Coordinated Universal Time),Tue Dec 23 2025 18:50:57 GMT+0000 (Coordinated Universal Time),Tue Dec 30 2025 10:54:52 GMT+0000 (Coordinated Universal Time),,,Apartment / Unit Features,
Marina view,marina-view,68b6430b4a9e88007d3f6935,68ada6f5bc65af392b69f8d6,694ae8bf71f185c9a3a48358,false,false,Tue Dec 23 2025 19:08:47 GMT+0000 (Coordinated Universal Time),Tue Dec 23 2025 19:11:13 GMT+0000 (Coordinated Universal Time),Tue Dec 30 2025 10:54:52 GMT+0000 (Coordinated Universal Time),,,View & Location-Based,
Meditation area,meditation-area,68b6430b4a9e88007d3f6935,68ada6f5bc65af392b69f8d6,694ae1ad8c06928d399e9527,false,false,Tue Dec 23 2025 18:38:37 GMT+0000 (Coordinated Universal Time),Tue Jan 20 2026 10:52:42 GMT+0000 (Coordinated Universal Time),Tue Jan 20 2026 11:00:34 GMT+0000 (Coordinated Universal Time),,,Leisure & Lifestyle,leisure-lifestyle
Meeting rooms,meeting-rooms,68b6430b4a9e88007d3f6935,68ada6f5bc65af392b69f8d6,694ae2d8e13c8a0c2c7181e5,false,false,Tue Dec 23 2025 18:43:36 GMT+0000 (Coordinated Universal Time),Tue Jan 20 2026 02:09:00 GMT+0000 (Coordinated Universal Time),Tue Jan 20 2026 02:22:36 GMT+0000 (Coordinated Universal Time),,https://cdn.prod.website-files.com/68ada6f5bc65af392b69f8d7/696ee3368458304233fd0e58_presentation-chart.svg,Building & Resident Facilities,
Multi-purpose court,multi-purpose-court,68b6430b4a9e88007d3f6935,68ada6f5bc65af392b69f8d6,694ae20d0c124247b694e152,false,false,Tue Dec 23 2025 18:40:13 GMT+0000 (Coordinated Universal Time),Tue Jan 20 2026 02:09:00 GMT+0000 (Coordinated Universal Time),Tue Jan 20 2026 02:22:36 GMT+0000 (Coordinated Universal Time),,https://cdn.prod.website-files.com/68ada6f5bc65af392b69f8d7/696edda6facb311f86f9daa1_court-basketball.svg,Fitness & Sports,
On-site property management,on-site-property-management,68b6430b4a9e88007d3f6935,68ada6f5bc65af392b69f8d6,694ae93bcb461cf2b722243b,false,false,Tue Dec 23 2025 19:10:51 GMT+0000 (Coordinated Universal Time),Tue Dec 23 2025 19:11:13 GMT+0000 (Coordinated Universal Time),Tue Dec 30 2025 10:54:52 GMT+0000 (Coordinated Universal Time),,,Investment & Rental-Friendly,
Outdoor gym,outdoor-gym,68b6430b4a9e88007d3f6935,68ada6f5bc65af392b69f8d6,694ae1cef7a5bf1a287a712a,false,false,Tue Dec 23 2025 18:39:10 GMT+0000 (Coordinated Universal Time),Tue Jan 20 2026 02:09:00 GMT+0000 (Coordinated Universal Time),Tue Jan 20 2026 02:22:36 GMT+0000 (Coordinated Universal Time),,https://cdn.prod.website-files.com/68ada6f5bc65af392b69f8d7/696edd3c6c751f05a6a6d539_barbell.svg,Fitness & Sports,
Padel court,padel-court,68b6430b4a9e88007d3f6935,68ada6f5bc65af392b69f8d6,694ae1f7ce0fe872ad923c22,false,false,Tue Dec 23 2025 18:39:51 GMT+0000 (Coordinated Universal Time),Tue Jan 20 2026 02:09:00 GMT+0000 (Coordinated Universal Time),Tue Jan 20 2026 02:22:36 GMT+0000 (Coordinated Universal Time),,https://cdn.prod.website-files.com/68ada6f5bc65af392b69f8d7/696edd8122b0df2cc6eda7bc_racquet.svg,Fitness & Sports,
Park view,park-view,68b6430b4a9e88007d3f6935,68ada6f5bc65af392b69f8d6,694ae8d8e13c8a0c2c72867c,false,false,Tue Dec 23 2025 19:09:12 GMT+0000 (Coordinated Universal Time),Tue Dec 23 2025 19:11:13 GMT+0000 (Coordinated Universal Time),Tue Dec 30 2025 10:54:52 GMT+0000 (Coordinated Universal Time),,,View & Location-Based,
Personal training studio,personal-training-studio,68b6430b4a9e88007d3f6935,68ada6f5bc65af392b69f8d6,694ae1d4746cc29e292a5426,false,false,Tue Dec 23 2025 18:39:16 GMT+0000 (Coordinated Universal Time),Tue Dec 23 2025 18:50:57 GMT+0000 (Coordinated Universal Time),Tue Dec 30 2025 10:54:52 GMT+0000 (Coordinated Universal Time),,,Fitness & Sports,
Pet washing station,pet-washing-station,68b6430b4a9e88007d3f6935,68ada6f5bc65af392b69f8d6,694ae855228ca597bbd65c97,false,false,Tue Dec 23 2025 19:07:01 GMT+0000 (Coordinated Universal Time),Tue Dec 23 2025 19:11:13 GMT+0000 (Coordinated Universal Time),Tue Dec 30 2025 10:54:52 GMT+0000 (Coordinated Universal Time),,,Pet-Friendly,
Pet-friendly building,pet-friendly-building,68b6430b4a9e88007d3f6935,68ada6f5bc65af392b69f8d6,694ae841e43e667fb1fdcbe0,false,false,Tue Dec 23 2025 19:06:41 GMT+0000 (Coordinated Universal Time),Tue Dec 23 2025 19:11:13 GMT+0000 (Coordinated Universal Time),Tue Dec 30 2025 10:54:52 GMT+0000 (Coordinated Universal Time),,,Pet-Friendly,
Pharmacy nearby,pharmacy-nearby,68b6430b4a9e88007d3f6935,68ada6f5bc65af392b69f8d6,694ae51fc920d4c865da5b3d,false,false,Tue Dec 23 2025 18:53:19 GMT+0000 (Coordinated Universal Time),Tue Dec 23 2025 19:11:13 GMT+0000 (Coordinated Universal Time),Tue Dec 30 2025 10:54:52 GMT+0000 (Coordinated Universal Time),,,Convenience & Retail,
Picnic areas,picnic-areas,68b6430b4a9e88007d3f6935,68ada6f5bc65af392b69f8d6,694ae25f45e8093664286a27,false,false,Tue Dec 23 2025 18:41:35 GMT+0000 (Coordinated Universal Time),Tue Jan 20 2026 02:09:00 GMT+0000 (Coordinated Universal Time),Tue Jan 20 2026 02:22:36 GMT+0000 (Coordinated Universal Time),,https://cdn.prod.website-files.com/68ada6f5bc65af392b69f8d7/696ee0e534f34b3d925f7013_picnic-table.svg,Outdoor & Community Spaces,
Premium appliances,premium-appliances,68b6430b4a9e88007d3f6935,68ada6f5bc65af392b69f8d6,694ae38ff66b83b4332972d4,false,false,Tue Dec 23 2025 18:46:39 GMT+0000 (Coordinated Universal Time),Tue Dec 23 2025 18:50:56 GMT+0000 (Coordinated Universal Time),Tue Dec 30 2025 10:54:52 GMT+0000 (Coordinated Universal Time),,,Apartment / Unit Features,
Private garden,private-garden,68b6430b4a9e88007d3f6935,68ada6f5bc65af392b69f8d6,694ae30f2c7cf70204a98961,false,false,Tue Dec 23 2025 18:44:31 GMT+0000 (Coordinated Universal Time),Tue Jan 20 2026 02:08:23 GMT+0000 (Coordinated Universal Time),Tue Jan 20 2026 02:22:36 GMT+0000 (Coordinated Universal Time),,https://cdn.prod.website-files.com/68ada6f5bc65af392b69f8d7/696ed90946217bb4d9196aa4_rooftop-garden.svg,Apartment / Unit Features,
Private pool,private-pool,68b6430b4a9e88007d3f6935,68ada6f5bc65af392b69f8d6,694ae1610a264e78322b1f87,false,false,Tue Dec 23 2025 18:37:21 GMT+0000 (Coordinated Universal Time),Tue Jan 20 2026 10:52:42 GMT+0000 (Coordinated Universal Time),Tue Jan 20 2026 11:00:34 GMT+0000 (Coordinated Universal Time),,https://cdn.prod.website-files.com/68ada6f5bc65af392b69f8d7/696ed902c911aeaaf0a30d66_swimming-pool.svg,Leisure & Lifestyle,leisure-lifestyle
Reception desk,reception-desk,68b6430b4a9e88007d3f6935,68ada6f5bc65af392b69f8d6,694ae2bcb02228a3545bb7c0,false,false,Tue Dec 23 2025 18:43:08 GMT+0000 (Coordinated Universal Time),Tue Jan 20 2026 02:09:00 GMT+0000 (Coordinated Universal Time),Tue Jan 20 2026 02:22:36 GMT+0000 (Coordinated Universal Time),,https://cdn.prod.website-files.com/68ada6f5bc65af392b69f8d7/696ee2ec714a6c90a5f0744b_desk.svg,Building & Resident Facilities,
Recycling facilities,recycling-facilities,68b6430b4a9e88007d3f6935,68ada6f5bc65af392b69f8d6,694ae8aa487b1e0c6bb00110,false,false,Tue Dec 23 2025 19:08:26 GMT+0000 (Coordinated Universal Time),Tue Dec 23 2025 19:11:13 GMT+0000 (Coordinated Universal Time),Tue Dec 30 2025 10:54:52 GMT+0000 (Coordinated Universal Time),,,Sustainability & Smart Living,
Rental management services,rental-management-services,68b6430b4a9e88007d3f6935,68ada6f5bc65af392b69f8d6,694ae94357cd6e176af4c2a0,false,false,Tue Dec 23 2025 19:10:59 GMT+0000 (Coordinated Universal Time),Tue Dec 23 2025 19:11:13 GMT+0000 (Coordinated Universal Time),Tue Dec 30 2025 10:54:52 GMT+0000 (Coordinated Universal Time),,,Investment & Rental-Friendly,
Residents lounge,residents-lounge,68b6430b4a9e88007d3f6935,68ada6f5bc65af392b69f8d6,694ae2e178120c570beb1aa1,false,false,Tue Dec 23 2025 18:43:45 GMT+0000 (Coordinated Universal Time),Tue Jan 20 2026 02:08:59 GMT+0000 (Coordinated Universal Time),Tue Jan 20 2026 02:22:36 GMT+0000 (Coordinated Universal Time),,,Building & Resident Facilities,
Retail outlets on-site,retail-outlets-on-site,68b6430b4a9e88007d3f6935,68ada6f5bc65af392b69f8d6,694ae4b943e90cbae33df5cf,false,false,Tue Dec 23 2025 18:51:37 GMT+0000 (Coordinated Universal Time),Tue Dec 23 2025 19:11:13 GMT+0000 (Coordinated Universal Time),Tue Dec 30 2025 10:54:52 GMT+0000 (Coordinated Universal Time),,,Convenience & Retail,
Rooftop Garden,rooftop-garden,68b6430b4a9e88007d3f6935,68ada6f5bc65af392b69f8d6,693ac9593f8d21c55167cfb6,false,false,Thu Dec 11 2025 13:38:33 GMT+0000 (Coordinated Universal Time),Tue Jan 20 2026 10:52:42 GMT+0000 (Coordinated Universal Time),Tue Jan 20 2026 11:00:34 GMT+0000 (Coordinated Universal Time),P003,https://cdn.prod.website-files.com/68ada6f5bc65af392b69f8d7/696ed90946217bb4d9196aa4_rooftop-garden.svg,Outdoor & Community Spaces,
Sauna,sauna,68b6430b4a9e88007d3f6935,68ada6f5bc65af392b69f8d6,694ae18a0385c915a00cdd74,false,false,Tue Dec 23 2025 18:38:02 GMT+0000 (Coordinated Universal Time),Tue Jan 20 2026 10:52:42 GMT+0000 (Coordinated Universal Time),Tue Jan 20 2026 11:00:34 GMT+0000 (Coordinated Universal Time),,,Leisure & Lifestyle,leisure-lifestyle
Sea view,sea-view,68b6430b4a9e88007d3f6935,68ada6f5bc65af392b69f8d6,694ae8b600ae375ac354346d,false,false,Tue Dec 23 2025 19:08:38 GMT+0000 (Coordinated Universal Time),Tue Dec 23 2025 19:11:13 GMT+0000 (Coordinated Universal Time),Tue Dec 30 2025 10:54:52 GMT+0000 (Coordinated Universal Time),,,View & Location-Based,
Short-term rental friendly,short-term-rental-friendly,68b6430b4a9e88007d3f6935,68ada6f5bc65af392b69f8d6,694ae92254e3a9409329298d,false,false,Tue Dec 23 2025 19:10:26 GMT+0000 (Coordinated Universal Time),Tue Dec 23 2025 19:11:13 GMT+0000 (Coordinated Universal Time),Tue Dec 30 2025 10:54:52 GMT+0000 (Coordinated Universal Time),,,Investment & Rental-Friendly,
Shuttle service,shuttle-service,68b6430b4a9e88007d3f6935,68ada6f5bc65af392b69f8d6,694ae455f8e5ed272ba96459,false,false,Tue Dec 23 2025 18:49:57 GMT+0000 (Coordinated Universal Time),Tue Dec 23 2025 18:50:57 GMT+0000 (Coordinated Universal Time),Tue Dec 30 2025 10:54:52 GMT+0000 (Coordinated Universal Time),,,Parking & Transport,
Sky lounge,sky-lounge,68b6430b4a9e88007d3f6935,68ada6f5bc65af392b69f8d6,694ae23e2c7cf70204a964c0,false,false,Tue Dec 23 2025 18:41:02 GMT+0000 (Coordinated Universal Time),Tue Jan 20 2026 02:09:00 GMT+0000 (Coordinated Universal Time),Tue Jan 20 2026 02:22:36 GMT+0000 (Coordinated Universal Time),,https://cdn.prod.website-files.com/68ada6f5bc65af392b69f8d7/696ed9107ee6325bfe69c54d_business-lounge.svg,Outdoor & Community Spaces,
Smart access control,smart-access-control,68b6430b4a9e88007d3f6935,68ada6f5bc65af392b69f8d6,694ae88b8010a9055ac697c4,false,false,Tue Dec 23 2025 19:07:55 GMT+0000 (Coordinated Universal Time),Tue Dec 23 2025 19:11:13 GMT+0000 (Coordinated Universal Time),Tue Dec 30 2025 10:54:52 GMT+0000 (Coordinated Universal Time),,,Sustainability & Smart Living,
Smart home system,smart-home-system,68b6430b4a9e88007d3f6935,68ada6f5bc65af392b69f8d6,694ae363067a9a12b576fbfd,false,false,Tue Dec 23 2025 18:45:55 GMT+0000 (Coordinated Universal Time),Tue Dec 23 2025 18:50:57 GMT+0000 (Coordinated Universal Time),Tue Dec 30 2025 10:54:52 GMT+0000 (Coordinated Universal Time),,,Apartment / Unit Features,
Smart lighting,smart-lighting,68b6430b4a9e88007d3f6935,68ada6f5bc65af392b69f8d6,694ae88289e3562b72560d8c,false,false,Tue Dec 23 2025 19:07:46 GMT+0000 (Coordinated Universal Time),Tue Dec 23 2025 19:11:13 GMT+0000 (Coordinated Universal Time),Tue Dec 30 2025 10:54:52 GMT+0000 (Coordinated Universal Time),,,Sustainability & Smart Living,
Solar panels,solar-panels,68b6430b4a9e88007d3f6935,68ada6f5bc65af392b69f8d6,694ae879b06128b87e107335,false,false,Tue Dec 23 2025 19:07:37 GMT+0000 (Coordinated Universal Time),Tue Dec 23 2025 19:11:13 GMT+0000 (Coordinated Universal Time),Tue Dec 30 2025 10:54:52 GMT+0000 (Coordinated Universal Time),,,Sustainability & Smart Living,
Spa & wellness centre,spa-wellness-centre,68b6430b4a9e88007d3f6935,68ada6f5bc65af392b69f8d6,694ae182b5e5f070fe9af699,false,false,Tue Dec 23 2025 18:37:54 GMT+0000 (Coordinated Universal Time),Tue Jan 20 2026 10:52:42 GMT+0000 (Coordinated Universal Time),Tue Jan 20 2026 11:00:34 GMT+0000 (Coordinated Universal Time),,https://cdn.prod.website-files.com/68ada6f5bc65af392b69f8d7/696edcbf70bc35c55e744dee_sparkle.svg,Leisure & Lifestyle,leisure-lifestyle
Splash pad,splash-pad,68b6430b4a9e88007d3f6935,68ada6f5bc65af392b69f8d6,694ae2707905e0d1f6858912,false,false,Tue Dec 23 2025 18:41:52 GMT+0000 (Coordinated Universal Time),Tue Dec 23 2025 18:50:57 GMT+0000 (Coordinated Universal Time),Tue Dec 30 2025 10:54:52 GMT+0000 (Coordinated Universal Time),,,Outdoor & Community Spaces,
Sports courts,sports-courts,68b6430b4a9e88007d3f6935,68ada6f5bc65af392b69f8d6,694ae1db70f398cfef150f14,false,false,Tue Dec 23 2025 18:39:23 GMT+0000 (Coordinated Universal Time),Tue Dec 23 2025 18:50:57 GMT+0000 (Coordinated Universal Time),Tue Dec 30 2025 10:54:52 GMT+0000 (Coordinated Universal Time),,,Fitness & Sports,
Steam room,steam-room,68b6430b4a9e88007d3f6935,68ada6f5bc65af392b69f8d6,694ae194919772432b131b31,false,false,Tue Dec 23 2025 18:38:12 GMT+0000 (Coordinated Universal Time),Tue Jan 20 2026 10:52:42 GMT+0000 (Coordinated Universal Time),Tue Jan 20 2026 11:00:34 GMT+0000 (Coordinated Universal Time),,,Leisure & Lifestyle,leisure-lifestyle
Stroller-friendly access,stroller-friendly-access,68b6430b4a9e88007d3f6935,68ada6f5bc65af392b69f8d6,694ae5b30f91f7cac3cb08f0,false,false,Tue Dec 23 2025 18:55:47 GMT+0000 (Coordinated Universal Time),Tue Dec 23 2025 19:11:13 GMT+0000 (Coordinated Universal Time),Tue Dec 30 2025 10:54:52 GMT+0000 (Coordinated Universal Time),,,Family & Kids,
Supermarket nearby,supermarket-nearby,68b6430b4a9e88007d3f6935,68ada6f5bc65af392b69f8d6,694ae4fdcb461cf2b7215353,false,false,Tue Dec 23 2025 18:52:45 GMT+0000 (Coordinated Universal Time),Tue Dec 23 2025 19:11:13 GMT+0000 (Coordinated Universal Time),Tue Dec 30 2025 10:54:52 GMT+0000 (Coordinated Universal Time),,,Convenience & Retail,
Swimming pool,swimming-pool,68b6430b4a9e88007d3f6935,68ada6f5bc65af392b69f8d6,694add6d01fa617c0b814311,false,false,Tue Dec 23 2025 18:20:29 GMT+0000 (Coordinated Universal Time),Tue Jan 20 2026 10:52:42 GMT+0000 (Coordinated Universal Time),Tue Jan 20 2026 11:00:34 GMT+0000 (Coordinated Universal Time),,https://cdn.prod.website-files.com/68ada6f5bc65af392b69f8d7/696ed902c911aeaaf0a30d66_swimming-pool.svg,Leisure & Lifestyle,leisure-lifestyle
Tennis court,tennis-court,68b6430b4a9e88007d3f6935,68ada6f5bc65af392b69f8d6,694ae1efa8d967e1c613d395,false,false,Tue Dec 23 2025 18:39:43 GMT+0000 (Coordinated Universal Time),Tue Jan 20 2026 02:09:00 GMT+0000 (Coordinated Universal Time),Tue Jan 20 2026 02:22:36 GMT+0000 (Coordinated Universal Time),,https://cdn.prod.website-files.com/68ada6f5bc65af392b69f8d7/696eddd64acd06eaa723269e_tennis-ball.svg,Fitness & Sports,
Terrace,terrace,68b6430b4a9e88007d3f6935,68ada6f5bc65af392b69f8d6,694ae3053d1297a75b5bca5a,false,false,Tue Dec 23 2025 18:44:21 GMT+0000 (Coordinated Universal Time),Tue Dec 23 2025 18:50:57 GMT+0000 (Coordinated Universal Time),Tue Dec 30 2025 10:54:52 GMT+0000 (Coordinated Universal Time),,,Apartment / Unit Features,
Valet parking,valet-parking,68b6430b4a9e88007d3f6935,68ada6f5bc65af392b69f8d6,694ae3c621bc2446af415539,false,false,Tue Dec 23 2025 18:47:34 GMT+0000 (Coordinated Universal Time),Tue Dec 23 2025 18:50:57 GMT+0000 (Coordinated Universal Time),Tue Dec 30 2025 10:54:52 GMT+0000 (Coordinated Universal Time),,,Parking & Transport,
Visitor parking,visitor-parking,68b6430b4a9e88007d3f6935,68ada6f5bc65af392b69f8d6,694ae3db4d4f9f437418f6d7,false,false,Tue Dec 23 2025 18:47:55 GMT+0000 (Coordinated Universal Time),Tue Dec 23 2025 18:50:57 GMT+0000 (Coordinated Universal Time),Tue Dec 30 2025 10:54:52 GMT+0000 (Coordinated Universal Time),,,Parking & Transport,
Walk-in closet,walk-in-closet,68b6430b4a9e88007d3f6935,68ada6f5bc65af392b69f8d6,694ae3739552f20c339a0691,false,false,Tue Dec 23 2025 18:46:11 GMT+0000 (Coordinated Universal Time),Tue Dec 23 2025 18:50:57 GMT+0000 (Coordinated Universal Time),Tue Dec 30 2025 10:54:52 GMT+0000 (Coordinated Universal Time),,,Apartment / Unit Features,
Walking areas for pets,walking-areas-for-pets,68b6430b4a9e88007d3f6935,68ada6f5bc65af392b69f8d6,694ae85e8cf44329af05b545,false,false,Tue Dec 23 2025 19:07:10 GMT+0000 (Coordinated Universal Time),Tue Dec 23 2025 19:11:13 GMT+0000 (Coordinated Universal Time),Tue Dec 30 2025 10:54:52 GMT+0000 (Coordinated Universal Time),,,Pet-Friendly,
Walking paths,walking-paths,68b6430b4a9e88007d3f6935,68ada6f5bc65af392b69f8d6,694ae28efd32a3bfff8030e1,false,false,Tue Dec 23 2025 18:42:22 GMT+0000 (Coordinated Universal Time),Tue Dec 23 2025 18:50:57 GMT+0000 (Coordinated Universal Time),Tue Dec 30 2025 10:54:52 GMT+0000 (Coordinated Universal Time),,,Outdoor & Community Spaces,
Waste management system,waste-management-system,68b6430b4a9e88007d3f6935,68ada6f5bc65af392b69f8d6,694ae8a1ef8d4b79bcb8c786,false,false,Tue Dec 23 2025 19:08:17 GMT+0000 (Coordinated Universal Time),Tue Dec 23 2025 19:11:13 GMT+0000 (Coordinated Universal Time),Tue Dec 30 2025 10:54:52 GMT+0000 (Coordinated Universal Time),,,Sustainability & Smart Living,
Water-saving systems,water-saving-systems,68b6430b4a9e88007d3f6935,68ada6f5bc65af392b69f8d6,694ae897fc6494b6c2a2be4d,false,false,Tue Dec 23 2025 19:08:07 GMT+0000 (Coordinated Universal Time),Tue Dec 23 2025 19:11:13 GMT+0000 (Coordinated Universal Time),Tue Dec 30 2025 10:54:52 GMT+0000 (Coordinated Universal Time),,,Sustainability & Smart Living,
Waterfront access,waterfront-access,68b6430b4a9e88007d3f6935,68ada6f5bc65af392b69f8d6,694ae8e9b47bb1216f7b8e79,false,false,Tue Dec 23 2025 19:09:29 GMT+0000 (Coordinated Universal Time),Tue Dec 23 2025 19:11:13 GMT+0000 (Coordinated Universal Time),Tue Dec 30 2025 10:54:52 GMT+0000 (Coordinated Universal Time),,,View & Location-Based,
Wheelchair access,wheelchair-access,68b6430b4a9e88007d3f6935,68ada6f5bc65af392b69f8d6,694ae902ea75b8ddb2abd80b,false,false,Tue Dec 23 2025 19:09:54 GMT+0000 (Coordinated Universal Time),Tue Dec 23 2025 19:11:13 GMT+0000 (Coordinated Universal Time),Tue Dec 30 2025 10:54:52 GMT+0000 (Coordinated Universal Time),,,Safety & Accessibility,
Yoga studio,yoga-studio,68b6430b4a9e88007d3f6935,68ada6f5bc65af392b69f8d6,694ae19e9de744914742ee11,false,false,Tue Dec 23 2025 18:38:22 GMT+0000 (Coordinated Universal Time),Tue Jan 20 2026 10:52:42 GMT+0000 (Coordinated Universal Time),Tue Jan 20 2026 11:00:34 GMT+0000 (Coordinated Universal Time),,https://cdn.prod.website-files.com/68ada6f5bc65af392b69f8d7/696edd1f9e4baee72cd132a8_person-simple-tai-chi.svg,Leisure & Lifestyle,leisure-lifestyle
