Name,Slug,Collection ID,Locale ID,Item ID,Archived,Draft,Created On,Updated On,Published On,Property subcategory OPI ID,Property category
Apartment,apartment,68c8c9ffa294798b0ef5a93e,68ada6f5bc65af392b69f8d6,690505772d147c21279515b2,false,false,Fri Oct 31 2025 18:52:39 GMT+0000 (Coordinated Universal Time),Mon Nov 03 2025 13:38:07 GMT+0000 (Coordinated Universal Time),Mon Nov 03 2025 13:43:03 GMT+0000 (Coordinated Universal Time),,residential
Building,building,68c8c9ffa294798b0ef5a93e,68ada6f5bc65af392b69f8d6,690505d1c162f0a05130e9aa,false,false,Fri Oct 31 2025 18:54:09 GMT+0000 (Coordinated Universal Time),Mon Nov 03 2025 13:38:07 GMT+0000 (Coordinated Universal Time),Mon Nov 03 2025 13:43:03 GMT+0000 (Coordinated Universal Time),,residential
Bulk Unit,bulk-unit,68c8c9ffa294798b0ef5a93e,68ada6f5bc65af392b69f8d6,6905061e8fca4de4a33b1c8f,false,false,Fri Oct 31 2025 18:55:26 GMT+0000 (Coordinated Universal Time),Mon Nov 03 2025 13:38:07 GMT+0000 (Coordinated Universal Time),Mon Nov 03 2025 13:43:03 GMT+0000 (Coordinated Universal Time),,commercial
Commercial Building,commercial-building,68c8c9ffa294798b0ef5a93e,68ada6f5bc65af392b69f8d6,6905063781fae5c9df8e9fca,false,false,Fri Oct 31 2025 18:55:51 GMT+0000 (Coordinated Universal Time),Mon Nov 03 2025 13:38:07 GMT+0000 (Coordinated Universal Time),Mon Nov 03 2025 13:43:03 GMT+0000 (Coordinated Universal Time),,commercial
Commercial Floor,commercial-floor,68c8c9ffa294798b0ef5a93e,68ada6f5bc65af392b69f8d6,6905062f96cf9c3da9cf680b,false,false,Fri Oct 31 2025 18:55:43 GMT+0000 (Coordinated Universal Time),Thu Dec 11 2025 16:09:53 GMT+0000 (Coordinated Universal Time),Tue Dec 16 2025 11:25:43 GMT+0000 (Coordinated Universal Time),,commercial
Commercial Land,commercial-land,68c8c9ffa294798b0ef5a93e,68ada6f5bc65af392b69f8d6,69050627c7602e12cceec5c4,false,false,Fri Oct 31 2025 18:55:35 GMT+0000 (Coordinated Universal Time),Mon Nov 03 2025 13:38:07 GMT+0000 (Coordinated Universal Time),Mon Nov 03 2025 13:43:03 GMT+0000 (Coordinated Universal Time),,commercial
Commercial Villa,commercial-villa,68c8c9ffa294798b0ef5a93e,68ada6f5bc65af392b69f8d6,69050615db85ad367d32c916,false,false,Fri Oct 31 2025 18:55:17 GMT+0000 (Coordinated Universal Time),Mon Nov 03 2025 13:38:07 GMT+0000 (Coordinated Universal Time),Mon Nov 03 2025 13:43:03 GMT+0000 (Coordinated Universal Time),,commercial
Factory,factory,68c8c9ffa294798b0ef5a93e,68ada6f5bc65af392b69f8d6,6905063f2a29650b0333d1b4,false,false,Fri Oct 31 2025 18:55:59 GMT+0000 (Coordinated Universal Time),Mon Nov 03 2025 13:38:07 GMT+0000 (Coordinated Universal Time),Mon Nov 03 2025 13:43:03 GMT+0000 (Coordinated Universal Time),,commercial
Floor,floor,68c8c9ffa294798b0ef5a93e,68ada6f5bc65af392b69f8d6,690505c52d60ef63f10dc994,false,false,Fri Oct 31 2025 18:53:57 GMT+0000 (Coordinated Universal Time),Mon Nov 03 2025 13:38:07 GMT+0000 (Coordinated Universal Time),Mon Nov 03 2025 13:43:03 GMT+0000 (Coordinated Universal Time),,residential
Hotel Apartment,hotel-apartment,68c8c9ffa294798b0ef5a93e,68ada6f5bc65af392b69f8d6,690505addb85ad367d3294a6,false,false,Fri Oct 31 2025 18:53:33 GMT+0000 (Coordinated Universal Time),Mon Nov 03 2025 13:38:07 GMT+0000 (Coordinated Universal Time),Mon Nov 03 2025 13:43:03 GMT+0000 (Coordinated Universal Time),,residential
Industrial Land,industrial-land,68c8c9ffa294798b0ef5a93e,68ada6f5bc65af392b69f8d6,69050648271285c425a2b3dd,false,false,Fri Oct 31 2025 18:56:08 GMT+0000 (Coordinated Universal Time),Mon Nov 03 2025 13:38:07 GMT+0000 (Coordinated Universal Time),Mon Nov 03 2025 13:43:03 GMT+0000 (Coordinated Universal Time),,commercial
Labour Camp,labour-camp,68c8c9ffa294798b0ef5a93e,68ada6f5bc65af392b69f8d6,6905060a96763b1ac927f195,false,false,Fri Oct 31 2025 18:55:06 GMT+0000 (Coordinated Universal Time),Mon Nov 03 2025 13:38:07 GMT+0000 (Coordinated Universal Time),Mon Nov 03 2025 13:43:03 GMT+0000 (Coordinated Universal Time),,commercial
Land,land,68c8c9ffa294798b0ef5a93e,68ada6f5bc65af392b69f8d6,690505bc4f8c3367cb130e6c,false,false,Fri Oct 31 2025 18:53:48 GMT+0000 (Coordinated Universal Time),Mon Nov 03 2025 13:38:07 GMT+0000 (Coordinated Universal Time),Mon Nov 03 2025 13:43:03 GMT+0000 (Coordinated Universal Time),,residential
Mixed Use Land,mixed-use-land,68c8c9ffa294798b0ef5a93e,68ada6f5bc65af392b69f8d6,69050650f805ad319cdc3fbf,false,false,Fri Oct 31 2025 18:56:16 GMT+0000 (Coordinated Universal Time),Mon Nov 03 2025 13:38:07 GMT+0000 (Coordinated Universal Time),Mon Nov 03 2025 13:43:03 GMT+0000 (Coordinated Universal Time),,commercial
Office,office,68c8c9ffa294798b0ef5a93e,68ada6f5bc65af392b69f8d6,690505dfe95086f6d30daf75,false,false,Fri Oct 31 2025 18:54:23 GMT+0000 (Coordinated Universal Time),Mon Nov 03 2025 13:38:07 GMT+0000 (Coordinated Universal Time),Mon Nov 03 2025 13:43:03 GMT+0000 (Coordinated Universal Time),,commercial
Other Commercial,other-commercial,68c8c9ffa294798b0ef5a93e,68ada6f5bc65af392b69f8d6,69050668ad94942c497b6e72,false,false,Fri Oct 31 2025 18:56:40 GMT+0000 (Coordinated Universal Time),Mon Nov 03 2025 13:38:07 GMT+0000 (Coordinated Universal Time),Mon Nov 03 2025 13:43:03 GMT+0000 (Coordinated Universal Time),,commercial
Penthouse,penthouse,68c8c9ffa294798b0ef5a93e,68ada6f5bc65af392b69f8d6,6905059d81fae5c9df8e7eba,false,false,Fri Oct 31 2025 18:53:17 GMT+0000 (Coordinated Universal Time),Mon Nov 03 2025 13:38:07 GMT+0000 (Coordinated Universal Time),Mon Nov 03 2025 13:43:03 GMT+0000 (Coordinated Universal Time),,residential
Shop,shop,68c8c9ffa294798b0ef5a93e,68ada6f5bc65af392b69f8d6,690505e9eda603740d31ea48,false,false,Fri Oct 31 2025 18:54:33 GMT+0000 (Coordinated Universal Time),Mon Nov 03 2025 13:38:07 GMT+0000 (Coordinated Universal Time),Mon Nov 03 2025 13:43:03 GMT+0000 (Coordinated Universal Time),,commercial
Showroom,showroom,68c8c9ffa294798b0ef5a93e,68ada6f5bc65af392b69f8d6,69050659debb2ed7d3d5fe76,false,false,Fri Oct 31 2025 18:56:25 GMT+0000 (Coordinated Universal Time),Mon Nov 03 2025 13:38:07 GMT+0000 (Coordinated Universal Time),Mon Nov 03 2025 13:43:03 GMT+0000 (Coordinated Universal Time),,commercial
Townhouse,townhouse,68c8c9ffa294798b0ef5a93e,68ada6f5bc65af392b69f8d6,6905058a0a392eb4c8a167d8,false,false,Fri Oct 31 2025 18:52:58 GMT+0000 (Coordinated Universal Time),Mon Nov 03 2025 13:38:07 GMT+0000 (Coordinated Universal Time),Mon Nov 03 2025 13:43:03 GMT+0000 (Coordinated Universal Time),,residential
Villa,villa,68c8c9ffa294798b0ef5a93e,68ada6f5bc65af392b69f8d6,69050580e7072107985997cb,false,false,Fri Oct 31 2025 18:52:48 GMT+0000 (Coordinated Universal Time),Mon Nov 03 2025 13:38:07 GMT+0000 (Coordinated Universal Time),Mon Nov 03 2025 13:43:03 GMT+0000 (Coordinated Universal Time),,residential
Villa Compound,villa-compound,68c8c9ffa294798b0ef5a93e,68ada6f5bc65af392b69f8d6,690505a6e8e01cbdfe07f831,false,false,Fri Oct 31 2025 18:53:26 GMT+0000 (Coordinated Universal Time),Mon Nov 03 2025 13:38:07 GMT+0000 (Coordinated Universal Time),Mon Nov 03 2025 13:43:03 GMT+0000 (Coordinated Universal Time),,residential
Warehouse,warehouse,68c8c9ffa294798b0ef5a93e,68ada6f5bc65af392b69f8d6,690505fb5ba8cf755aaa525e,false,false,Fri Oct 31 2025 18:54:51 GMT+0000 (Coordinated Universal Time),Mon Nov 03 2025 13:38:07 GMT+0000 (Coordinated Universal Time),Mon Nov 03 2025 13:43:03 GMT+0000 (Coordinated Universal Time),,commercial
