Name,Slug,Collection ID,Locale ID,Item ID,Archived,Draft,Created On,Updated On,Published On,Community tags OPI ID,Community Tag category
Affordable living,affordable-living,68c8c183c68d02337a8421b1,68ada6f5bc65af392b69f8d6,6949cbee4c3c782de6026692,false,false,Mon Dec 22 2025 22:53:34 GMT+0000 (Coordinated Universal Time),Tue Dec 23 2025 03:31:07 GMT+0000 (Coordinated Universal Time),Tue Dec 23 2025 10:52:47 GMT+0000 (Coordinated Universal Time),,Lifestyle & Living
Airport proximity,airport-proximity,68c8c183c68d02337a8421b1,68ada6f5bc65af392b69f8d6,694a0b05cc8f1799879551dc,false,false,Tue Dec 23 2025 03:22:45 GMT+0000 (Coordinated Universal Time),Tue Dec 23 2025 03:31:07 GMT+0000 (Coordinated Universal Time),Tue Dec 23 2025 10:52:47 GMT+0000 (Coordinated Universal Time),,Transport & Connectivity
Beach access,beach-access,68c8c183c68d02337a8421b1,68ada6f5bc65af392b69f8d6,694a098819114f74f01563c3,false,false,Tue Dec 23 2025 03:16:24 GMT+0000 (Coordinated Universal Time),Tue Dec 23 2025 03:31:07 GMT+0000 (Coordinated Universal Time),Tue Dec 23 2025 10:52:47 GMT+0000 (Coordinated Universal Time),,Outdoor & Recreation
Beachfront,beachfront,68c8c183c68d02337a8421b1,68ada6f5bc65af392b69f8d6,6949cae5803e1de2788b9730,false,false,Mon Dec 22 2025 22:49:09 GMT+0000 (Coordinated Universal Time),Tue Dec 23 2025 03:31:07 GMT+0000 (Coordinated Universal Time),Tue Dec 23 2025 10:52:47 GMT+0000 (Coordinated Universal Time),,Location & Geography
Business district,business-district,68c8c183c68d02337a8421b1,68ada6f5bc65af392b69f8d6,694a0bb6b5be35bac9b4222f,false,false,Tue Dec 23 2025 03:25:42 GMT+0000 (Coordinated Universal Time),Tue Dec 23 2025 03:31:07 GMT+0000 (Coordinated Universal Time),Tue Dec 23 2025 10:52:47 GMT+0000 (Coordinated Universal Time),,Work & Business
Business hubs nearby,business-hubs-nearby,68c8c183c68d02337a8421b1,68ada6f5bc65af392b69f8d6,694a0bf60556fb408c970111,false,false,Tue Dec 23 2025 03:26:46 GMT+0000 (Coordinated Universal Time),Tue Dec 23 2025 03:31:07 GMT+0000 (Coordinated Universal Time),Tue Dec 23 2025 10:52:47 GMT+0000 (Coordinated Universal Time),,Work & Business
Canal facing,canal-facing,68c8c183c68d02337a8421b1,68ada6f5bc65af392b69f8d6,6949caecbff82b44e56cfbc5,false,false,Mon Dec 22 2025 22:49:16 GMT+0000 (Coordinated Universal Time),Tue Dec 23 2025 03:31:07 GMT+0000 (Coordinated Universal Time),Tue Dec 23 2025 10:52:47 GMT+0000 (Coordinated Universal Time),,Location & Geography
Capital appreciation potential,capital-appreciation-potential,68c8c183c68d02337a8421b1,68ada6f5bc65af392b69f8d6,694a0c673aecb38b4639926f,false,false,Tue Dec 23 2025 03:28:39 GMT+0000 (Coordinated Universal Time),Tue Dec 23 2025 03:31:07 GMT+0000 (Coordinated Universal Time),Tue Dec 23 2025 10:52:47 GMT+0000 (Coordinated Universal Time),,Investment & Buyer Appeal
Car-friendly,car-friendly,68c8c183c68d02337a8421b1,68ada6f5bc65af392b69f8d6,694a0b1f0d594f8347648e3a,false,false,Tue Dec 23 2025 03:23:11 GMT+0000 (Coordinated Universal Time),Tue Dec 23 2025 03:31:07 GMT+0000 (Coordinated Universal Time),Tue Dec 23 2025 10:52:47 GMT+0000 (Coordinated Universal Time),,Transport & Connectivity
Child-friendly amenities,child-friendly-amenities,68c8c183c68d02337a8421b1,68ada6f5bc65af392b69f8d6,694a0b85183d9b66402fde67,false,false,Tue Dec 23 2025 03:24:53 GMT+0000 (Coordinated Universal Time),Tue Dec 23 2025 03:31:07 GMT+0000 (Coordinated Universal Time),Tue Dec 23 2025 10:52:47 GMT+0000 (Coordinated Universal Time),,Family & Education
City centre,city-centre,68c8c183c68d02337a8421b1,68ada6f5bc65af392b69f8d6,6949cb418d2c358b6be4dbe0,false,false,Mon Dec 22 2025 22:50:41 GMT+0000 (Coordinated Universal Time),Tue Dec 23 2025 03:31:07 GMT+0000 (Coordinated Universal Time),Tue Dec 23 2025 10:52:47 GMT+0000 (Coordinated Universal Time),,Location & Geography
Close to offices,close-to-offices,68c8c183c68d02337a8421b1,68ada6f5bc65af392b69f8d6,694a0bceabd3748e4285c090,false,false,Tue Dec 23 2025 03:26:06 GMT+0000 (Coordinated Universal Time),Tue Dec 23 2025 03:31:07 GMT+0000 (Coordinated Universal Time),Tue Dec 23 2025 10:52:47 GMT+0000 (Coordinated Universal Time),,Work & Business
Community centres,community-centres,68c8c183c68d02337a8421b1,68ada6f5bc65af392b69f8d6,694a0a9cbdaffe211c6f8b0c,false,false,Tue Dec 23 2025 03:21:00 GMT+0000 (Coordinated Universal Time),Tue Dec 23 2025 03:31:07 GMT+0000 (Coordinated Universal Time),Tue Dec 23 2025 10:52:47 GMT+0000 (Coordinated Universal Time),,Amenities & Convenience
Community focused,community-focused,68c8c183c68d02337a8421b1,68ada6f5bc65af392b69f8d6,6949cc271069c762ccdf217c,false,false,Mon Dec 22 2025 22:54:31 GMT+0000 (Coordinated Universal Time),Tue Dec 23 2025 03:31:07 GMT+0000 (Coordinated Universal Time),Tue Dec 23 2025 10:52:47 GMT+0000 (Coordinated Universal Time),,Lifestyle & Living
Corporate area,corporate-area,68c8c183c68d02337a8421b1,68ada6f5bc65af392b69f8d6,694a0c03d03652a2ba71ee38,false,false,Tue Dec 23 2025 03:26:59 GMT+0000 (Coordinated Universal Time),Tue Dec 23 2025 03:31:07 GMT+0000 (Coordinated Universal Time),Tue Dec 23 2025 10:52:47 GMT+0000 (Coordinated Universal Time),,Work & Business
Creekside,creekside,68c8c183c68d02337a8421b1,68ada6f5bc65af392b69f8d6,6949cb6e68093ded5b194be3,false,false,Mon Dec 22 2025 22:51:26 GMT+0000 (Coordinated Universal Time),Tue Dec 23 2025 03:31:07 GMT+0000 (Coordinated Universal Time),Tue Dec 23 2025 10:52:47 GMT+0000 (Coordinated Universal Time),,Location & Geography
Cycling & jogging tracks,cycling-jogging-tracks,68c8c183c68d02337a8421b1,68ada6f5bc65af392b69f8d6,694a09b613ef4e5c9baaec8c,false,false,Tue Dec 23 2025 03:17:10 GMT+0000 (Coordinated Universal Time),Tue Dec 23 2025 03:31:07 GMT+0000 (Coordinated Universal Time),Tue Dec 23 2025 10:52:47 GMT+0000 (Coordinated Universal Time),,Outdoor & Recreation
Desert-edge,desert-edge,68c8c183c68d02337a8421b1,68ada6f5bc65af392b69f8d6,6949cb658ded434eb1c63b6f,false,false,Mon Dec 22 2025 22:51:17 GMT+0000 (Coordinated Universal Time),Tue Dec 23 2025 03:31:07 GMT+0000 (Coordinated Universal Time),Tue Dec 23 2025 10:52:47 GMT+0000 (Coordinated Universal Time),,Location & Geography
Digital nomads,digital-nomads,68c8c183c68d02337a8421b1,68ada6f5bc65af392b69f8d6,694a0ce5617cfdc799d8361e,false,false,Tue Dec 23 2025 03:30:45 GMT+0000 (Coordinated Universal Time),Tue Dec 23 2025 03:31:07 GMT+0000 (Coordinated Universal Time),Tue Dec 23 2025 10:52:47 GMT+0000 (Coordinated Universal Time),,Buyer Profile Tags
Dining & cafés,dining-cafes,68c8c183c68d02337a8421b1,68ada6f5bc65af392b69f8d6,694a0a3d6168933fb1e3614a,false,false,Tue Dec 23 2025 03:19:25 GMT+0000 (Coordinated Universal Time),Tue Dec 23 2025 03:31:08 GMT+0000 (Coordinated Universal Time),Tue Dec 23 2025 10:52:47 GMT+0000 (Coordinated Universal Time),,Amenities & Convenience
Easy city access,easy-city-access,68c8c183c68d02337a8421b1,68ada6f5bc65af392b69f8d6,694a0afba394ca19f9d6534d,false,false,Tue Dec 23 2025 03:22:35 GMT+0000 (Coordinated Universal Time),Tue Dec 23 2025 03:31:07 GMT+0000 (Coordinated Universal Time),Tue Dec 23 2025 10:52:47 GMT+0000 (Coordinated Universal Time),,Transport & Connectivity
End-user focused,end-user-focused,68c8c183c68d02337a8421b1,68ada6f5bc65af392b69f8d6,694a0c5a5977fae967622442,false,false,Tue Dec 23 2025 03:28:26 GMT+0000 (Coordinated Universal Time),Tue Dec 23 2025 03:31:07 GMT+0000 (Coordinated Universal Time),Tue Dec 23 2025 10:52:47 GMT+0000 (Coordinated Universal Time),,Investment & Buyer Appeal
Entertainment district,entertainment-district,68c8c183c68d02337a8421b1,68ada6f5bc65af392b69f8d6,694a0a559b4a755c5872b870,false,false,Tue Dec 23 2025 03:19:49 GMT+0000 (Coordinated Universal Time),Tue Dec 23 2025 03:31:07 GMT+0000 (Coordinated Universal Time),Tue Dec 23 2025 10:52:47 GMT+0000 (Coordinated Universal Time),,Amenities & Convenience
Everyday convenience,everyday-convenience,68c8c183c68d02337a8421b1,68ada6f5bc65af392b69f8d6,694a0a89dfe1fc4e91e3abb9,false,false,Tue Dec 23 2025 03:20:41 GMT+0000 (Coordinated Universal Time),Tue Dec 23 2025 03:31:07 GMT+0000 (Coordinated Universal Time),Tue Dec 23 2025 10:52:47 GMT+0000 (Coordinated Universal Time),,Amenities & Convenience
Expat-friendly,expat-friendly,68c8c183c68d02337a8421b1,68ada6f5bc65af392b69f8d6,694a0cbfe6cdf20e1f6c234f,false,false,Tue Dec 23 2025 03:30:07 GMT+0000 (Coordinated Universal Time),Tue Dec 23 2025 03:31:07 GMT+0000 (Coordinated Universal Time),Tue Dec 23 2025 10:52:47 GMT+0000 (Coordinated Universal Time),,Buyer Profile Tags
Families,families,68c8c183c68d02337a8421b1,68ada6f5bc65af392b69f8d6,694a0ca8e4202fb9f0562ff7,false,false,Tue Dec 23 2025 03:29:44 GMT+0000 (Coordinated Universal Time),Tue Dec 23 2025 03:31:07 GMT+0000 (Coordinated Universal Time),Tue Dec 23 2025 10:52:47 GMT+0000 (Coordinated Universal Time),,Buyer Profile Tags
Family-friendly,family-friendly,68c8c183c68d02337a8421b1,68ada6f5bc65af392b69f8d6,694a0b438d9b827175085a46,false,false,Tue Dec 23 2025 03:23:47 GMT+0000 (Coordinated Universal Time),Tue Dec 23 2025 03:31:07 GMT+0000 (Coordinated Universal Time),Tue Dec 23 2025 10:52:47 GMT+0000 (Coordinated Universal Time),,Family & Education
Family-oriented,family-oriented,68c8c183c68d02337a8421b1,68ada6f5bc65af392b69f8d6,6949cbc5a766da9f634f854b,false,false,Mon Dec 22 2025 22:52:53 GMT+0000 (Coordinated Universal Time),Tue Dec 23 2025 03:31:07 GMT+0000 (Coordinated Universal Time),Tue Dec 23 2025 10:52:47 GMT+0000 (Coordinated Universal Time),,Community Type & Feel
First-time buyers,first-time-buyers,68c8c183c68d02337a8421b1,68ada6f5bc65af392b69f8d6,694a0c7ca3cfa804e3616824,false,false,Tue Dec 23 2025 03:29:00 GMT+0000 (Coordinated Universal Time),Tue Dec 23 2025 03:31:07 GMT+0000 (Coordinated Universal Time),Tue Dec 23 2025 10:52:47 GMT+0000 (Coordinated Universal Time),,Buyer Profile Tags
Freelancer-friendly,freelancer-friendly,68c8c183c68d02337a8421b1,68ada6f5bc65af392b69f8d6,694a0bda8b4befb66f7ddb5b,false,false,Tue Dec 23 2025 03:26:18 GMT+0000 (Coordinated Universal Time),Tue Dec 23 2025 03:31:07 GMT+0000 (Coordinated Universal Time),Tue Dec 23 2025 10:52:47 GMT+0000 (Coordinated Universal Time),,Work & Business
Gated community,gated-community,68c8c183c68d02337a8421b1,68ada6f5bc65af392b69f8d6,6949cb8685db541827b018e9,false,false,Mon Dec 22 2025 22:51:50 GMT+0000 (Coordinated Universal Time),Tue Dec 23 2025 03:31:07 GMT+0000 (Coordinated Universal Time),Tue Dec 23 2025 10:52:47 GMT+0000 (Coordinated Universal Time),,Community Type & Feel
Golf community,golf-community,68c8c183c68d02337a8421b1,68ada6f5bc65af392b69f8d6,694a09aca800feaab915715b,false,false,Tue Dec 23 2025 03:17:00 GMT+0000 (Coordinated Universal Time),Tue Dec 23 2025 03:31:07 GMT+0000 (Coordinated Universal Time),Tue Dec 23 2025 10:52:47 GMT+0000 (Coordinated Universal Time),,Outdoor & Recreation
Green spaces,green-spaces,68c8c183c68d02337a8421b1,68ada6f5bc65af392b69f8d6,6949cc47ea1aa323a2abfb34,false,false,Mon Dec 22 2025 22:55:03 GMT+0000 (Coordinated Universal Time),Tue Dec 23 2025 03:31:08 GMT+0000 (Coordinated Universal Time),Tue Dec 23 2025 10:52:47 GMT+0000 (Coordinated Universal Time),,Outdoor & Recreation
High rental demand,high-rental-demand,68c8c183c68d02337a8421b1,68ada6f5bc65af392b69f8d6,694a0c25b10efa81d355414c,false,false,Tue Dec 23 2025 03:27:33 GMT+0000 (Coordinated Universal Time),Tue Dec 23 2025 03:31:07 GMT+0000 (Coordinated Universal Time),Tue Dec 23 2025 10:52:47 GMT+0000 (Coordinated Universal Time),,Investment & Buyer Appeal
High-rise district,high-rise-district,68c8c183c68d02337a8421b1,68ada6f5bc65af392b69f8d6,6949cb9d92987bd19d61f102,false,false,Mon Dec 22 2025 22:52:13 GMT+0000 (Coordinated Universal Time),Tue Dec 23 2025 03:31:07 GMT+0000 (Coordinated Universal Time),Tue Dec 23 2025 10:52:47 GMT+0000 (Coordinated Universal Time),,Community Type & Feel
Hospitals nearby,hospitals-nearby,68c8c183c68d02337a8421b1,68ada6f5bc65af392b69f8d6,694a0a778a1ff89eeb55c21b,false,false,Tue Dec 23 2025 03:20:23 GMT+0000 (Coordinated Universal Time),Tue Dec 23 2025 03:31:07 GMT+0000 (Coordinated Universal Time),Tue Dec 23 2025 10:52:47 GMT+0000 (Coordinated Universal Time),,Amenities & Convenience
International schools nearby,international-schools-nearby,68c8c183c68d02337a8421b1,68ada6f5bc65af392b69f8d6,694a0b58a54b9697aaa28ae5,false,false,Tue Dec 23 2025 03:24:08 GMT+0000 (Coordinated Universal Time),Tue Dec 23 2025 03:31:07 GMT+0000 (Coordinated Universal Time),Tue Dec 23 2025 10:52:47 GMT+0000 (Coordinated Universal Time),,Family & Education
Investor favourite,investor-favourite,68c8c183c68d02337a8421b1,68ada6f5bc65af392b69f8d6,694a0c501d97de810c6e4741,false,false,Tue Dec 23 2025 03:28:16 GMT+0000 (Coordinated Universal Time),Tue Dec 23 2025 03:31:07 GMT+0000 (Coordinated Universal Time),Tue Dec 23 2025 10:52:47 GMT+0000 (Coordinated Universal Time),,Investment & Buyer Appeal
Investors,investors,68c8c183c68d02337a8421b1,68ada6f5bc65af392b69f8d6,694a0cb43c60483ad363c75e,false,false,Tue Dec 23 2025 03:29:56 GMT+0000 (Coordinated Universal Time),Tue Dec 23 2025 03:31:07 GMT+0000 (Coordinated Universal Time),Tue Dec 23 2025 10:52:47 GMT+0000 (Coordinated Universal Time),,Buyer Profile Tags
Island living,island-living,68c8c183c68d02337a8421b1,68ada6f5bc65af392b69f8d6,6949cb5c22749887bc66a1f4,false,false,Mon Dec 22 2025 22:51:08 GMT+0000 (Coordinated Universal Time),Tue Dec 23 2025 03:31:07 GMT+0000 (Coordinated Universal Time),Tue Dec 23 2025 10:52:47 GMT+0000 (Coordinated Universal Time),,Location & Geography
Lagoon community,lagoon-community,68c8c183c68d02337a8421b1,68ada6f5bc65af392b69f8d6,6949cb7602fb8394e53770a6,false,false,Mon Dec 22 2025 22:51:34 GMT+0000 (Coordinated Universal Time),Tue Dec 23 2025 03:31:07 GMT+0000 (Coordinated Universal Time),Tue Dec 23 2025 10:52:47 GMT+0000 (Coordinated Universal Time),,Location & Geography
Lifestyle destination,lifestyle-destination,68c8c183c68d02337a8421b1,68ada6f5bc65af392b69f8d6,6949cbb739a6e7868ada5eba,false,false,Mon Dec 22 2025 22:52:39 GMT+0000 (Coordinated Universal Time),Tue Dec 23 2025 03:31:07 GMT+0000 (Coordinated Universal Time),Tue Dec 23 2025 10:52:47 GMT+0000 (Coordinated Universal Time),,Community Type & Feel
Long-term rental appeal,long-term-rental-appeal,68c8c183c68d02337a8421b1,68ada6f5bc65af392b69f8d6,694a0c47111626e48f08c7b3,false,false,Tue Dec 23 2025 03:28:07 GMT+0000 (Coordinated Universal Time),Tue Dec 23 2025 03:31:07 GMT+0000 (Coordinated Universal Time),Tue Dec 23 2025 10:52:47 GMT+0000 (Coordinated Universal Time),,Investment & Buyer Appeal
Low-rise community,low-rise-community,68c8c183c68d02337a8421b1,68ada6f5bc65af392b69f8d6,6949cba3377bfce5f6c94225,false,false,Mon Dec 22 2025 22:52:19 GMT+0000 (Coordinated Universal Time),Tue Dec 23 2025 03:31:07 GMT+0000 (Coordinated Universal Time),Tue Dec 23 2025 10:52:47 GMT+0000 (Coordinated Universal Time),,Community Type & Feel
Luxury living,luxury-living,68c8c183c68d02337a8421b1,68ada6f5bc65af392b69f8d6,6949cbe6aa566f9f25d60f84,false,false,Mon Dec 22 2025 22:53:26 GMT+0000 (Coordinated Universal Time),Tue Dec 23 2025 03:31:07 GMT+0000 (Coordinated Universal Time),Tue Dec 23 2025 10:52:47 GMT+0000 (Coordinated Universal Time),,Lifestyle & Living
Major highway access,major-highway-access,68c8c183c68d02337a8421b1,68ada6f5bc65af392b69f8d6,694a0ae82064265d15b4b8cb,false,false,Tue Dec 23 2025 03:22:16 GMT+0000 (Coordinated Universal Time),Tue Dec 23 2025 03:31:07 GMT+0000 (Coordinated Universal Time),Tue Dec 23 2025 10:52:47 GMT+0000 (Coordinated Universal Time),,Transport & Connectivity
Marina access,marina-access,68c8c183c68d02337a8421b1,68ada6f5bc65af392b69f8d6,694a0995e081aef862f6a471,false,false,Tue Dec 23 2025 03:16:37 GMT+0000 (Coordinated Universal Time),Tue Dec 23 2025 03:31:07 GMT+0000 (Coordinated Universal Time),Tue Dec 23 2025 10:52:47 GMT+0000 (Coordinated Universal Time),,Outdoor & Recreation
Marina living,marina-living,68c8c183c68d02337a8421b1,68ada6f5bc65af392b69f8d6,6949caf52811b09dd1fff86e,false,false,Mon Dec 22 2025 22:49:25 GMT+0000 (Coordinated Universal Time),Tue Dec 23 2025 03:31:07 GMT+0000 (Coordinated Universal Time),Tue Dec 23 2025 10:52:47 GMT+0000 (Coordinated Universal Time),,Location & Geography
Master planned,master-planned,68c8c183c68d02337a8421b1,68ada6f5bc65af392b69f8d6,6949cb7e5684ffe9362d2935,false,false,Mon Dec 22 2025 22:51:42 GMT+0000 (Coordinated Universal Time),Tue Dec 23 2025 03:31:07 GMT+0000 (Coordinated Universal Time),Tue Dec 23 2025 10:52:47 GMT+0000 (Coordinated Universal Time),,Community Type & Feel
Metro access,metro-access,68c8c183c68d02337a8421b1,68ada6f5bc65af392b69f8d6,694a0ad4f9d90683f5aeafa4,false,false,Tue Dec 23 2025 03:21:56 GMT+0000 (Coordinated Universal Time),Tue Dec 23 2025 03:31:07 GMT+0000 (Coordinated Universal Time),Tue Dec 23 2025 10:52:47 GMT+0000 (Coordinated Universal Time),,Transport & Connectivity
Mid-market,mid-market,68c8c183c68d02337a8421b1,68ada6f5bc65af392b69f8d6,6949cbf644ed0c4b4d776d2d,false,false,Mon Dec 22 2025 22:53:42 GMT+0000 (Coordinated Universal Time),Tue Dec 23 2025 03:31:07 GMT+0000 (Coordinated Universal Time),Tue Dec 23 2025 10:52:47 GMT+0000 (Coordinated Universal Time),,Lifestyle & Living
Mixed-use,mixed-use,68c8c183c68d02337a8421b1,68ada6f5bc65af392b69f8d6,6949cba9fb11cafb32612930,false,false,Mon Dec 22 2025 22:52:25 GMT+0000 (Coordinated Universal Time),Tue Dec 23 2025 03:31:07 GMT+0000 (Coordinated Universal Time),Tue Dec 23 2025 10:52:47 GMT+0000 (Coordinated Universal Time),,Community Type & Feel
Modern lifestyle,modern-lifestyle,68c8c183c68d02337a8421b1,68ada6f5bc65af392b69f8d6,6949cc06d655a635dc2b41e1,false,false,Mon Dec 22 2025 22:53:58 GMT+0000 (Coordinated Universal Time),Tue Dec 23 2025 03:31:07 GMT+0000 (Coordinated Universal Time),Tue Dec 23 2025 10:52:47 GMT+0000 (Coordinated Universal Time),,Lifestyle & Living
Nightlife hub,nightlife-hub,68c8c183c68d02337a8421b1,68ada6f5bc65af392b69f8d6,694a0a49e221f109d0bbf8b2,false,false,Tue Dec 23 2025 03:19:37 GMT+0000 (Coordinated Universal Time),Tue Dec 23 2025 03:31:07 GMT+0000 (Coordinated Universal Time),Tue Dec 23 2025 10:52:47 GMT+0000 (Coordinated Universal Time),,Amenities & Convenience
Nurseries nearby,nurseries-nearby,68c8c183c68d02337a8421b1,68ada6f5bc65af392b69f8d6,694a0b62db3d9b4e5ab10d7b,false,false,Tue Dec 23 2025 03:24:18 GMT+0000 (Coordinated Universal Time),Tue Dec 23 2025 03:31:07 GMT+0000 (Coordinated Universal Time),Tue Dec 23 2025 10:52:47 GMT+0000 (Coordinated Universal Time),,Family & Education
Off-plan hotspot,off-plan-hotspot,68c8c183c68d02337a8421b1,68ada6f5bc65af392b69f8d6,694a0c73fe8537b2f90abe6d,false,false,Tue Dec 23 2025 03:28:51 GMT+0000 (Coordinated Universal Time),Tue Dec 23 2025 03:31:07 GMT+0000 (Coordinated Universal Time),Tue Dec 23 2025 10:52:47 GMT+0000 (Coordinated Universal Time),,Investment & Buyer Appeal
Outdoor lifestyle,outdoor-lifestyle,68c8c183c68d02337a8421b1,68ada6f5bc65af392b69f8d6,694a09de8a010e1f938916a0,false,false,Tue Dec 23 2025 03:17:50 GMT+0000 (Coordinated Universal Time),Tue Dec 23 2025 03:31:07 GMT+0000 (Coordinated Universal Time),Tue Dec 23 2025 10:52:47 GMT+0000 (Coordinated Universal Time),,Outdoor & Recreation
Parks & playgrounds,parks-playgrounds,68c8c183c68d02337a8421b1,68ada6f5bc65af392b69f8d6,694a097a555793d7896570ed,false,false,Tue Dec 23 2025 03:16:10 GMT+0000 (Coordinated Universal Time),Tue Dec 23 2025 03:31:07 GMT+0000 (Coordinated Universal Time),Tue Dec 23 2025 10:52:47 GMT+0000 (Coordinated Universal Time),,Outdoor & Recreation
Pet-friendly,pet-friendly,68c8c183c68d02337a8421b1,68ada6f5bc65af392b69f8d6,6949cc1ced39788d7da8dbcf,false,false,Mon Dec 22 2025 22:54:20 GMT+0000 (Coordinated Universal Time),Tue Dec 23 2025 03:31:07 GMT+0000 (Coordinated Universal Time),Tue Dec 23 2025 10:52:47 GMT+0000 (Coordinated Universal Time),,Lifestyle & Living
Public transport hub,public-transport-hub,68c8c183c68d02337a8421b1,68ada6f5bc65af392b69f8d6,694a0b2932ce2ec80feecf8f,false,false,Tue Dec 23 2025 03:23:21 GMT+0000 (Coordinated Universal Time),Tue Dec 23 2025 03:31:07 GMT+0000 (Coordinated Universal Time),Tue Dec 23 2025 10:52:47 GMT+0000 (Coordinated Universal Time),,Transport & Connectivity
Quiet & residential,quiet-residential,68c8c183c68d02337a8421b1,68ada6f5bc65af392b69f8d6,6949cbcc57ebcb50823c63aa,false,false,Mon Dec 22 2025 22:53:00 GMT+0000 (Coordinated Universal Time),Tue Dec 23 2025 03:31:07 GMT+0000 (Coordinated Universal Time),Tue Dec 23 2025 10:52:47 GMT+0000 (Coordinated Universal Time),,Community Type & Feel
Residential-focused,residential-focused,68c8c183c68d02337a8421b1,68ada6f5bc65af392b69f8d6,6949cbb0556bd53d791a2724,false,false,Mon Dec 22 2025 22:52:32 GMT+0000 (Coordinated Universal Time),Tue Dec 23 2025 03:31:07 GMT+0000 (Coordinated Universal Time),Tue Dec 23 2025 10:52:47 GMT+0000 (Coordinated Universal Time),,Community Type & Feel
Resort-style living,resort-style-living,68c8c183c68d02337a8421b1,68ada6f5bc65af392b69f8d6,6949cbbe2352dcc9bae0f7ad,false,false,Mon Dec 22 2025 22:52:46 GMT+0000 (Coordinated Universal Time),Tue Dec 23 2025 03:31:07 GMT+0000 (Coordinated Universal Time),Tue Dec 23 2025 10:52:47 GMT+0000 (Coordinated Universal Time),,Community Type & Feel
Retail within community,retail-within-community,68c8c183c68d02337a8421b1,68ada6f5bc65af392b69f8d6,694a0a5fe081aef862f6b115,false,false,Tue Dec 23 2025 03:19:59 GMT+0000 (Coordinated Universal Time),Tue Dec 23 2025 03:31:07 GMT+0000 (Coordinated Universal Time),Tue Dec 23 2025 10:52:47 GMT+0000 (Coordinated Universal Time),,Amenities & Convenience
Retiree-friendly,retiree-friendly,68c8c183c68d02337a8421b1,68ada6f5bc65af392b69f8d6,694a0cec32e36eaeaf516ec8,false,false,Tue Dec 23 2025 03:30:52 GMT+0000 (Coordinated Universal Time),Tue Dec 23 2025 03:31:08 GMT+0000 (Coordinated Universal Time),Tue Dec 23 2025 10:52:47 GMT+0000 (Coordinated Universal Time),,Buyer Profile Tags
Safe neighbourhood,safe-neighbourhood,68c8c183c68d02337a8421b1,68ada6f5bc65af392b69f8d6,694a0b7744921d0168ffea70,false,false,Tue Dec 23 2025 03:24:39 GMT+0000 (Coordinated Universal Time),Tue Dec 23 2025 03:31:07 GMT+0000 (Coordinated Universal Time),Tue Dec 23 2025 10:52:47 GMT+0000 (Coordinated Universal Time),,Family & Education
Schools nearby,schools-nearby,68c8c183c68d02337a8421b1,68ada6f5bc65af392b69f8d6,694a0a695ca9fcebdc623916,false,false,Tue Dec 23 2025 03:20:09 GMT+0000 (Coordinated Universal Time),Tue Dec 23 2025 03:31:08 GMT+0000 (Coordinated Universal Time),Tue Dec 23 2025 10:52:47 GMT+0000 (Coordinated Universal Time),,Amenities & Convenience
Schools within community,schools-within-community,68c8c183c68d02337a8421b1,68ada6f5bc65af392b69f8d6,694a0b4d263792f625dd12dd,false,false,Tue Dec 23 2025 03:23:57 GMT+0000 (Coordinated Universal Time),Tue Dec 23 2025 03:31:07 GMT+0000 (Coordinated Universal Time),Tue Dec 23 2025 10:52:47 GMT+0000 (Coordinated Universal Time),,Family & Education
Shopping malls nearby,shopping-malls-nearby,68c8c183c68d02337a8421b1,68ada6f5bc65af392b69f8d6,694a0a2e279fcf5f8c130dc0,false,false,Tue Dec 23 2025 03:19:10 GMT+0000 (Coordinated Universal Time),Tue Dec 23 2025 03:31:07 GMT+0000 (Coordinated Universal Time),Tue Dec 23 2025 10:52:47 GMT+0000 (Coordinated Universal Time),,Amenities & Convenience
Short-term rental friendly,short-term-rental-friendly,68c8c183c68d02337a8421b1,68ada6f5bc65af392b69f8d6,694a0c3ad8100755ed70763e,false,false,Tue Dec 23 2025 03:27:54 GMT+0000 (Coordinated Universal Time),Tue Dec 23 2025 03:31:07 GMT+0000 (Coordinated Universal Time),Tue Dec 23 2025 10:52:47 GMT+0000 (Coordinated Universal Time),,Investment & Buyer Appeal
Sports facilities,sports-facilities,68c8c183c68d02337a8421b1,68ada6f5bc65af392b69f8d6,694a09d06168933fb1e35834,false,false,Tue Dec 23 2025 03:17:36 GMT+0000 (Coordinated Universal Time),Tue Dec 23 2025 03:31:07 GMT+0000 (Coordinated Universal Time),Tue Dec 23 2025 10:52:47 GMT+0000 (Coordinated Universal Time),,Outdoor & Recreation
Strong ROI,strong-roi,68c8c183c68d02337a8421b1,68ada6f5bc65af392b69f8d6,694a0c2ccc8f1799879568d3,false,false,Tue Dec 23 2025 03:27:40 GMT+0000 (Coordinated Universal Time),Tue Dec 23 2025 03:31:07 GMT+0000 (Coordinated Universal Time),Tue Dec 23 2025 10:52:47 GMT+0000 (Coordinated Universal Time),,Investment & Buyer Appeal
Suburban,suburban,68c8c183c68d02337a8421b1,68ada6f5bc65af392b69f8d6,6949cb522e759f2e2b290a3d,false,false,Mon Dec 22 2025 22:50:58 GMT+0000 (Coordinated Universal Time),Tue Dec 23 2025 03:31:07 GMT+0000 (Coordinated Universal Time),Tue Dec 23 2025 10:52:47 GMT+0000 (Coordinated Universal Time),,Location & Geography
Traditional neighbourhood,traditional-neighbourhood,68c8c183c68d02337a8421b1,68ada6f5bc65af392b69f8d6,6949cc0c01f0dd6e5ddee6c2,false,false,Mon Dec 22 2025 22:54:04 GMT+0000 (Coordinated Universal Time),Tue Dec 23 2025 03:31:07 GMT+0000 (Coordinated Universal Time),Tue Dec 23 2025 10:52:47 GMT+0000 (Coordinated Universal Time),,Lifestyle & Living
Tram access,tram-access,68c8c183c68d02337a8421b1,68ada6f5bc65af392b69f8d6,694a0adeb7f2ddee3b987812,false,false,Tue Dec 23 2025 03:22:06 GMT+0000 (Coordinated Universal Time),Tue Dec 23 2025 03:31:08 GMT+0000 (Coordinated Universal Time),Tue Dec 23 2025 10:52:47 GMT+0000 (Coordinated Universal Time),,Transport & Connectivity
Ultra-luxury,ultra-luxury,68c8c183c68d02337a8421b1,68ada6f5bc65af392b69f8d6,6949cbfe3b11e2fca156110f,false,false,Mon Dec 22 2025 22:53:50 GMT+0000 (Coordinated Universal Time),Tue Dec 23 2025 03:31:07 GMT+0000 (Coordinated Universal Time),Tue Dec 23 2025 10:52:47 GMT+0000 (Coordinated Universal Time),,Lifestyle & Living
Urban,urban,68c8c183c68d02337a8421b1,68ada6f5bc65af392b69f8d6,6949cb499513b023f5060369,false,false,Mon Dec 22 2025 22:50:49 GMT+0000 (Coordinated Universal Time),Tue Dec 23 2025 03:31:07 GMT+0000 (Coordinated Universal Time),Tue Dec 23 2025 10:52:47 GMT+0000 (Coordinated Universal Time),,Location & Geography
Vibrant & lively,vibrant-lively,68c8c183c68d02337a8421b1,68ada6f5bc65af392b69f8d6,6949cbd5c1e5553f57185a43,false,false,Mon Dec 22 2025 22:53:09 GMT+0000 (Coordinated Universal Time),Tue Dec 23 2025 03:31:07 GMT+0000 (Coordinated Universal Time),Tue Dec 23 2025 10:52:47 GMT+0000 (Coordinated Universal Time),,Community Type & Feel
Walkable community,walkable-community,68c8c183c68d02337a8421b1,68ada6f5bc65af392b69f8d6,6949cc3ad2c2df5b57d37faa,false,false,Mon Dec 22 2025 22:54:50 GMT+0000 (Coordinated Universal Time),Tue Dec 23 2025 03:31:07 GMT+0000 (Coordinated Universal Time),Tue Dec 23 2025 10:52:47 GMT+0000 (Coordinated Universal Time),,Lifestyle & Living
Water sports nearby,water-sports-nearby,68c8c183c68d02337a8421b1,68ada6f5bc65af392b69f8d6,694a09c247a1b56d3deff71c,false,false,Tue Dec 23 2025 03:17:22 GMT+0000 (Coordinated Universal Time),Tue Dec 23 2025 03:31:07 GMT+0000 (Coordinated Universal Time),Tue Dec 23 2025 10:52:47 GMT+0000 (Coordinated Universal Time),,Outdoor & Recreation
Waterfront,waterfront,68c8c183c68d02337a8421b1,68ada6f5bc65af392b69f8d6,6949cadb889136fe0cee52e3,false,false,Mon Dec 22 2025 22:48:59 GMT+0000 (Coordinated Universal Time),Tue Dec 23 2025 03:31:07 GMT+0000 (Coordinated Universal Time),Tue Dec 23 2025 10:52:47 GMT+0000 (Coordinated Universal Time),,Location & Geography
Well-connected,well-connected,68c8c183c68d02337a8421b1,68ada6f5bc65af392b69f8d6,694a0b1342947f532e6cd5d7,false,false,Tue Dec 23 2025 03:22:59 GMT+0000 (Coordinated Universal Time),Tue Dec 23 2025 03:31:07 GMT+0000 (Coordinated Universal Time),Tue Dec 23 2025 10:52:47 GMT+0000 (Coordinated Universal Time),,Transport & Connectivity
Wellness focused,wellness-focused,68c8c183c68d02337a8421b1,68ada6f5bc65af392b69f8d6,6949cc149fc8319323e3893a,false,false,Mon Dec 22 2025 22:54:12 GMT+0000 (Coordinated Universal Time),Tue Dec 23 2025 03:31:07 GMT+0000 (Coordinated Universal Time),Tue Dec 23 2025 10:52:47 GMT+0000 (Coordinated Universal Time),,Lifestyle & Living
Work-live community,work-live-community,68c8c183c68d02337a8421b1,68ada6f5bc65af392b69f8d6,694a0be546f2e40579c02b57,false,false,Tue Dec 23 2025 03:26:29 GMT+0000 (Coordinated Universal Time),Tue Dec 23 2025 03:31:07 GMT+0000 (Coordinated Universal Time),Tue Dec 23 2025 10:52:47 GMT+0000 (Coordinated Universal Time),,Work & Business
Young professionals,young-professionals,68c8c183c68d02337a8421b1,68ada6f5bc65af392b69f8d6,694a0c8654464b77b1324a1a,false,false,Tue Dec 23 2025 03:29:10 GMT+0000 (Coordinated Universal Time),Tue Dec 23 2025 03:31:08 GMT+0000 (Coordinated Universal Time),Tue Dec 23 2025 10:52:47 GMT+0000 (Coordinated Universal Time),,Buyer Profile Tags
